id,label,oncogene_status
1,CASC15,False
2,CDKAL1,False
3,E2F3,True
4,HDGFL1,False
5,NBAT1,False
6,PRL,False
7,SOX4,True
8,ARPC4,False
9,ARPC4-TTLL3,False
10,ATG7,False
11,ATP2B2,False
12,ATP2B2-IT2,False
13,BRK1,False
14,BRPF1,False
15,CAMK1,False
16,CAND2,False
17,CIDEC,False
18,CIDECP1,False
19,CPNE9,False
20,CRELD1,False
21,EMC3,False
22,EMC3-AS1,False
23,FANCD2,True
24,FANCD2OS,False
25,FBLN2,False
26,FGD5P1,False
27,GHRL,False
28,GHRLOS,False
29,HDAC11,False
30,HDAC11-AS1,False
31,HRH1,False
32,IL17RC,False
33,IL17RE,False
34,IQSEC1,False
35,IRAK2,False
36,JAGN1,False
37,LHFPL4,False
38,MKRN2,False
39,MKRN2OS,False
40,MTMR14,False
41,NUP210,False
42,OGG1,False
43,PPARG,True
44,PRRT3,False
45,PRRT3-AS1,False
46,RAF1,True
47,RPL32,False
48,RPUSD3,False
49,SEC13,False
50,SETD5,False
51,SLC6A1,False
52,SLC6A1-AS1,False
53,SLC6A11,False
54,SNORA7A,False
55,SNORA93,False
56,SRGAP3,True
57,SRGAP3-AS2,False
58,SRGAP3-AS3,False
59,SRGAP3-AS4,False
60,SYN2,False
61,TADA3,False
62,TAMM41,False
63,TATDN2,False
64,THUMPD3,False
65,THUMPD3-AS1,False
66,TIMP4,False
67,TMEM40,False
68,TPRXL,False
69,TSEN2,False
70,TTLL3,False
71,VGLL4,False
72,VHL,True
73,WNT7A,False
74,MTSS1,False
75,NDUFB9,False
76,NSMCE2,False
77,SQLE,False
78,TATDN1,False
79,TRIB1,True
80,WASHC5,False
81,ZNF572,False
82,ATP6V1H,False
83,LYN,False
84,LYPLA1,False
85,MRPL15,False
86,NPBWR1,False
87,OPRK1,False
88,RB1CC1,False
89,RGS20,False
90,RNU105C,False
91,RP1,False
92,SBF1P1,False
93,SNORA1B,False
94,SOX17,False
95,TCEA1,True
96,TGS1,False
97,TMEM68,False
98,XKR4,False
99,AHCY,False
100,DUSP26,True
101,DYNLRB1,False
102,FUT10,False
103,ITCH,False
104,MAK16,False
105,MAP1LC3A,False
106,RNF122,False
107,SNORD13,False
108,TTI2,False
109,IGLL5,False
110,TFRC,True
111,FSTL5,False
112,ANGPT4,False
113,C20orf202,False
114,CSNK2A1,True
115,FAM110A,False
116,FKBP1A,False
117,FKBP1A-SDCBP2,False
118,NSFL1C,False
119,PSMF1,False
120,RAD21L1,False
121,RSPO4,False
122,SCRT2,False
123,SDCBP2,False
124,SDCBP2-AS1,False
125,SIRPB2,False
126,SIRPB3P,False
127,SIRPD,False
128,SIRPG,False
129,SIRPG-AS1,False
130,SLC52A3,False
131,SNPH,False
132,SRXN1,False
133,TCF15,False
134,TMEM74B,False
135,ACAA1,False
136,DLEC1,False
137,MYD88,True
138,OXSR1,False
139,PLCD1,False
140,SLC22A13,False
141,SLC22A14,False
142,VILL,False
143,ANXA13,False
144,ATAD2,False
145,C8orf76,False
146,C8orf89,False
147,CALB1,False
148,CASC11,False
149,CASC19,False
150,CASC21,False
151,CASC8,False
152,CASC9,False
153,CCAT1,False
154,CCAT2,False
155,CCN3,True
156,CNBD1,False
157,COL14A1,False
158,COLEC10,False
159,CSMD3,False
160,DCAF4L2,False
161,DECR1,False
162,DEPTOR,False
163,DERL1,False
164,DSCC1,False
165,ELOC,False
166,ENPP2,False
167,FAM83A,False
168,FAM83A-AS1,False
169,FAM91A1,False
170,FBXO32,False
171,FER1L6,False
172,FER1L6-AS1,False
173,FER1L6-AS2,False
174,GDAP1,False
175,HAS2,False
176,HAS2-AS1,False
177,HEY1,True
178,HNF4G,False
179,IL7,False
180,JPH1,False
181,KCNB2,False
182,KLHL38,False
183,KRT33A,False
184,KRT33B,False
185,KRT34,False
186,KRTAP16-1,False
187,KRTAP17-1,False
188,KRTAP29-1,False
189,KRTAP4-1,False
190,KRTAP4-11,False
191,KRTAP4-12,False
192,KRTAP4-2,False
193,KRTAP4-3,False
194,KRTAP4-4,False
195,KRTAP4-5,False
196,KRTAP4-6,False
197,KRTAP4-8,False
198,KRTAP4-9,False
199,KRTAP9-1,False
200,KRTAP9-2,False
201,KRTAP9-3,False
202,KRTAP9-4,False
203,KRTAP9-6,False
204,KRTAP9-7,False
205,KRTAP9-8,False
206,KRTAP9-9,False
207,LY96,False
208,MAL2,False
209,MAL2-AS1,False
210,MMP16,False
211,MRPL13,False
212,MRPS28,False
213,MSC,False
214,MSC-AS1,False
215,MTBP,False
216,MYC,True
217,NBN,False
218,OSGIN2,False
219,PCAT1,False
220,PCAT2,False
221,PEX2,False
222,PKIA,False
223,PKIA-AS1,False
224,POU5F1B,False
225,PRNCR1,False
226,RDH10,False
227,RDH10-AS1,False
228,RIPK2,False
229,RNF139,False
230,RNF139-AS1,False
231,RPL7,False
232,SAMD12,False
233,SAMD12-AS1,False
234,SBSPON,False
235,SMILR,False
236,SNTB1,False
237,STAU2,False
238,STAU2-AS1,False
239,STMN2,False
240,TAF2,False
241,TBC1D31,False
242,TERF1,False
243,TMEM65,False
244,TMEM70,False
245,TMEM75,False
246,TNFRSF11B,False
247,TPD52,True
248,TRMT12,False
249,TRPA1,False
250,TRPS1,False
251,UBE2W,False
252,WDYHV1,False
253,ZBTB10,False
254,ZC2HC1A,False
255,ZFHX4,False
256,ZFHX4-AS1,False
257,ZHX1,False
258,ZHX1-C8orf76,False
259,ZHX2,False
260,ZNF704,False
261,MDFIC,False
262,FZD8,False
263,GJD4,False
264,PCAT5,False
265,ALOX5AP,False
266,B3GLCT,False
267,EEF1DP3,False
268,HMGB1,False
269,HSPH1,False
270,KATNAL1,False
271,MEDAG,False
272,RXFP2,False
273,TEX26,False
274,TEX26-AS1,False
275,UBE2L5,False
276,USPL1,False
277,AKNAD1,False
278,AMIGO1,False
279,AMPD2,False
280,ATXN7L2,False
281,C1orf194,False
282,CELSR2,False
283,CLCC1,False
284,CYB561D1,False
285,EPS8L3,False
286,FNDC7,False
287,GNAI3,False
288,GNAT2,False
289,GPR61,False
290,GPSM2,False
291,GSTM1,False
292,GSTM2,False
293,GSTM3,False
294,GSTM4,False
295,GSTM5,False
296,KIAA1324,False
297,MYBPHL,False
298,PSMA5,False
299,PSRC1,False
300,SARS1,False
301,SCARNA2,False
302,SORT1,False
303,SPATA42,False
304,STXBP3,False
305,SYPL2,False
306,TAF13,False
307,TMEM167B,False
308,WDR47,False
309,EAF2,False
310,GOLGB1,False
311,IQCB1,False
312,SLC15A2,False
313,ADA,False
314,ADNP,False
315,ADNP-AS1,False
316,ANKRD60,False
317,APCDD1L,False
318,APCDD1L-DT,False
319,ATP9A,False
320,AURKA,True
321,BCAS1,False
322,BCAS4,False
323,BMP7,True
324,BMP7-AS1,False
325,C20orf85,False
326,CASS4,False
327,CBLN4,False
328,CCN5,False
329,CEBPB,False
330,CEBPB-AS1,False
331,CSTF1,False
332,CTCFL,False
333,CYP24A1,True
334,DOK5,False
335,DPM1,False
336,FAM209A,False
337,FAM209B,False
338,FAM210B,False
339,GCNT7,False
340,KCNG1,False
341,KCNK15,False
342,KCNK15-AS1,False
343,KCNS1,False
344,MC3R,False
345,MOCS3,False
346,MTRNR2L3,False
347,NFATC2,False
348,NKILA,False
349,NPEPL1,False
350,PABPC1L,False
351,PARD6B,False
352,PCK1,False
353,PFDN4,False
354,PI3,False
355,PKIG,False
356,PMEPA1,False
357,PPP4R1L,False
358,PTPN1,False
359,RAB22A,True
360,RAE1,False
361,RBM38,False
362,RIMS4,False
363,RIPOR3,False
364,RNF114,False
365,RTF2,False
366,SALL4,True
367,SEMG1,False
368,SEMG2,False
369,SERINC3,False
370,SLC9A8,False
371,SMIM25,False
372,SNAI1,True
373,SPATA2,False
374,SPO11,False
375,STK4,False
376,STK4-AS1,False
377,STX16,False
378,STX16-NPEPL1,False
379,SUMO1P1,False
380,TFAP2C,False
381,TMEM189,False
382,TMEM189-UBE2V1,False
383,TOMM34,False
384,TRERNA1,False
385,TSHZ2,False
386,TTPAL,False
387,UBE2V1,False
388,VAPB,False
389,WFDC12,False
390,WFDC5,False
391,YWHAB,False
392,ZBP1,False
393,ZFP64,False
394,ZNF217,True
395,ABCC3,False
396,ABI3,False
397,ACACA,False
398,ACSF2,False
399,AMZ2P1,False
400,ANKRD40,False
401,ANKRD40CL,False
402,APPBP2,False
403,ARHGAP23,False
404,ARL5C,False
405,ATP5MC1,False
406,B4GALNT2,False
407,BCAS3,False
408,C17orf64,False
409,C17orf78,False
410,C17orf98,False
411,CA4,False
412,CACNA1G,False
413,CACNA1G-AS1,False
414,CACNB1,False
415,CALCOCO2,False
416,CDK12,True
417,CHAD,False
418,CISD3,False
419,CLTC,True
420,COL1A1,True
421,CSF3,True
422,CWC25,False
423,DDX52,False
424,DHX40,False
425,DLX3,False
426,DLX4,False
427,DUSP14,False
428,EME1,False
429,EPN3,False
430,EPOP,False
431,EPX,False
432,ERBB2,True
433,FAM117A,False
434,FBXL20,False
435,FBXO47,False
436,FLJ40194,False
437,FLJ45513,False
438,GDPD1,False
439,GIP,False
440,GNGT2,False
441,GPR179,False
442,GRB7,False
443,GSDMA,False
444,GSDMB,False
445,H1-9P,False
446,HEATR6,False
447,HNF1B,False
448,HOXB-AS1,False
449,HOXB-AS3,False
450,HOXB1,False
451,HOXB13,False
452,HOXB2,False
453,HOXB3,False
454,HOXB4,False
455,HOXB5,False
456,HOXB6,False
457,HOXB7,False
458,HOXB8,False
459,HOXB9,False
460,HSF5,False
461,IGF2BP1,True
462,IKZF3,False
463,ITGA3,True
464,KAT7,False
465,KIF2B,False
466,LASP1,True
467,LPO,False
468,LRRC37A11P,False
469,LRRC3C,False
470,LRRC59,False
471,LUC7L3,False
472,MED1,False
473,MED24,False
474,MIEN1,True
475,MKS1,False
476,MLLT6,True
477,MPO,False
478,MRPL27,False
479,MRPL45,False
480,MSX2P1,False
481,MTMR4,False
482,MYCBPAP,False
483,NEUROD2,False
484,NGFR,False
485,NXPH3,False
486,OR4D1,False
487,OR4D2,False
488,ORMDL3,False
489,PCGF2,False
490,PDK2,False
491,PGAP3,False
492,PHB,False
493,PHOSPHO1,False
494,PICART1,False
495,PIP4K2B,False
496,PLXDC1,False
497,PNMT,False
498,PPM1D,True
499,PPM1E,False
500,PPP1R1B,False
501,PPP1R9B,False
502,PRAC1,False
503,PRAC2,False
504,PRR11,False
505,PSMB3,False
506,PSMD3,False
507,PTRH2,False
508,RAD51C,False
509,RDM1P5,False
510,RNF43,True
511,RNFT1,False
512,RNFT1-DT,False
513,RPL19,False
514,RPL23,True
515,RPS6KB1,False
516,RSAD1,False
517,SAMD14,False
518,SCARNA20,False
519,SEPTIN4,False
520,SEPTIN4-AS1,False
521,SGCA,False
522,SKA2,False
523,SKAP1,False
524,SLC35B1,False
525,SMG8,False
526,SNF8,False
527,SNORA21,False
528,SNORA21B,False
529,SNORA90,False
530,SNORD124,False
531,SOCS7,False
532,SPATA20,False
533,SPOP,False
534,SRCIN1,False
535,STAC2,False
536,STARD3,False
537,SUPT4H1,False
538,SYNRG,False
539,TAC4,False
540,TADA2A,False
541,TBC1D3,True
542,TBC1D3C,True
543,TBC1D3E,False
544,TBC1D3P1-DHX40P1,False
545,TCAP,False
546,TEX14,False
547,THRA,True
548,THRA1,False
549,BTR,False
550,TMEM92,False
551,TMEM92-AS1,False
552,TOB1,False
553,TOB1-AS1,False
554,TRIM37,False
555,TSPOAP1,False
556,TSPOAP1-AS1,False
557,TTLL6,False
558,TUBD1,False
559,UBE2Z,False
560,USP32,False
561,VMP1,False
562,WFDC21P,False
563,WFIKKN2,False
564,XYLT2,False
565,YPEL2,False
566,YWHAEP7,False
567,ZNF652,False
568,ZPBP2,False
569,HEATR1,False
570,ADGRA2,False
571,ADRB3,False
572,ASH2L,False
573,BRF2,True
574,EIF4EBP1,False
575,ERLIN2,False
576,GOT1L1,False
577,PLPBP,False
578,RAB11FIP1,False
579,STAR,False
580,ZNF703,True
581,ADAM18,False
582,ADAM2,False
583,ADAM32,False
584,ADAM3A,False
585,ADAM5,False
586,ADAM9,True
587,ANK1,False
588,AP3M2,False
589,BAG4,False
590,C8orf86,False
591,DDHD2,True
592,FGFR1,True
593,GINS4,False
594,GOLGA7,False
595,GPAT4,False
596,HTRA4,False
597,IDO1,False
598,IDO2,False
599,KAT6A,True
600,KCNU1,False
601,LETM2,False
602,LSM1,True
603,NKX6-3,False
604,NSD3,True
605,PLAT,False
606,PLEKHA2,False
607,PLPP5,False
608,RNF5P1,False
609,SFRP1,False
610,SIRLNT,False
611,SNORD38D,False
612,SNORD65B,False
613,TACC1,False
614,TCIM,False
615,TM2D2,False
616,ZMAT4,False
617,FLJ12825,False
618,HOXC-AS1,False
619,HOXC-AS2,False
620,HOXC-AS3,False
621,HOXC10,False
622,HOXC4,False
623,HOXC5,False
624,HOXC6,False
625,HOXC8,False
626,HOXC9,False
627,AHI1,True
628,ALDH8A1,False
629,CNTD2,False
630,CT69,False
631,HBS1L,False
632,HMGA1P7,False
633,MYB,True
634,SGK1,True
635,SLC2A12,False
636,ABCC4,False
637,CLDN10,False
638,CLDN10-AS1,False
639,CLYBL,False
640,CLYBL-AS1,False
641,CLYBL-AS2,False
642,DCT,False
643,DNAJC3,False
644,DNAJC3-DT,False
645,DOCK9,False
646,DOCK9-AS1,False
647,DOCK9-DT,False
648,DZIP1,False
649,FARP1,False
650,FKSG29,False
651,GPC5,False
652,GPC5-AS1,False
653,GPC5-AS2,False
654,GPC6,False
655,GPC6-AS1,False
656,GPC6-AS2,False
657,GPR18,False
658,GPR180,False
659,GPR183,False
660,HS6ST3,False
661,IPO5,False
662,MBNL2,False
663,OXGR1,False
664,RAP2A,False
665,RNF113B,False
666,SLC15A1,False
667,SNORD13G,False
668,SOX21,False
669,SOX21-AS1,False
670,STK24,False
671,STK24-AS1,False
672,TGDS,False
673,TM9SF2,False
674,UBAC2,False
675,UBAC2-AS1,False
676,UGGT2,False
677,ANO1,False
678,ARRB1,False
679,CCND1,True
680,CHRDL2,False
681,CPT1A,False
682,CTTN,True
683,FADD,False
684,FGF19,False
685,FGF3,True
686,FGF4,True
687,GAL,False
688,GDPD5,False
689,IGHMBP2,False
690,KCNE3,False
691,KLHL35,False
692,LIPT2,False
693,LTO1,False
694,MAP6,False
695,MOGAT2,False
696,MRGPRD,False
697,MRGPRF,False
698,MRGPRF-AS1,False
699,MRPL21,False
700,MYEOV,False
701,NEU3,False
702,OR2AT4,False
703,PGM2L1,False
704,POLD3,False
705,PPFIA1,False
706,RNF169,False
707,RPS3,False
708,SERPINH1,False
709,SLCO2B1,False
710,SMIM38,False
711,SNORD15A,False
712,SNORD15B,False
713,SPCS2,False
714,TESMIN,False
715,TPBGL,False
716,TPCN2,False
717,XRRA1,False
718,PLD1,False
719,TMEM212,False
720,ACTRT3,False
721,GPR160,False
722,LRRC31,False
723,LRRC34,False
724,LRRIQ4,False
725,MECOM,True
726,MECOM-AS1,False
727,MYNN,False
728,PHC3,False
729,PRKCI,True
730,SAMD7,False
731,SEC62,True
732,SKIL,True
733,TERC,False
734,DDX1,False
735,GACAT3,False
736,LPIN1,False
737,MYCN,True
738,MYCNOS,False
739,MYCNUT,False
740,NTSR2,False
741,TRIB2,True
742,MUC20,False
743,SDHAP2,False
744,KLF14,False
745,BMP8A,False
746,BMP8B,False
747,CAP1,False
748,COL9A2,False
749,HEYL,False
750,HPCAL4,False
751,MFSD2A,False
752,MYCL,True
753,NFYC,False
754,NFYC-AS1,False
755,NT5C1A,False
756,OXCT2,False
757,OXCT2P1,False
758,PABPC4,False
759,PABPC4-AS1,False
760,PPIE,False
761,PPIEL,False
762,RIMS3,False
763,RLF,False
764,SMAP2,False
765,SNORA55,False
766,TRIT1,False
767,ZFP69,False
768,ZFP69B,False
769,ZNF684,False
770,LRATD2,False
771,PVT1,True
772,C3orf22,False
773,C3orf56,False
774,CCDC37-DT,False
775,CFAP100,False
776,CHCHD6,False
777,CHST13,False
778,KLF15,False
779,NUP210P1,False
780,PLXNA1,False
781,PRR20G,False
782,TXNRD3,False
783,UROC1,False
784,ZXDC,False
785,CASC1,False
786,CRACR2A,False
787,ETFRF1,False
788,FGF23,False
789,KRAS,True
790,LMNTD1,False
791,PARP11,False
792,PRMT8,False
793,RASSF8,False
794,RASSF8-AS1,False
795,TEAD4,False
796,THCAT155,False
797,TIGAR,False
798,TSPAN9,False
799,ZDHHC11B,False
800,ANKK1,False
801,CLDN25,False
802,DRD2,False
803,NCAM1,False
804,NCAM1-AS1,False
805,TMPRSS5,False
806,TTC12,False
807,ZW10,False
808,AASDHPPT,False
809,ACAT1,False
810,ALKBH8,False
811,ARHGAP20,False
812,ATM,True
813,C11orf65,False
814,C11orf87,False
815,CARD16,False
816,CARD17,False
817,CARD18,False
818,CASP1,False
819,CASP12,False
820,CASP17P,False
821,CASP1P2,False
822,CASP4,False
823,CASP5,False
824,CUL5,False
825,CWF19L2,False
826,DDX10,True
827,ELMOD1,False
828,EXPH5,False
829,FDX1,False
830,GRIA4,False
831,GUCY1A2,False
832,KBTBD3,False
833,MSANTD4,False
834,NPAT,False
835,POGLUT3,False
836,RAB39A,False
837,RDX,False
838,SLC35F2,False
839,SLN,False
840,ZC3H12C,False
841,ATG5,False
842,BEND3,False
843,CD24,True
844,CRYBG1,False
845,MTRES1,False
846,MYMX,False
847,PDSS2,False
848,PRDM1,True
849,PREP,False
850,QRSL1,False
851,RTN4IP1,False
852,SLC29A1,False
853,SOBP,False
854,EXO5,False
855,PPT1,False
856,TMCO2,False
857,ZMPSTE24,False
858,CHTOP,False
859,CREB3L4,False
860,CRTC2,False
861,DENND4B,False
862,GATAD2B,False
863,ILF2,False
864,INTS3,True
865,JTB,False
866,NPR1,False
867,PGLYRP3,False
868,PGLYRP4,False
869,RAB13,False
870,RPS27,False
871,S100A1,False
872,S100A12,False
873,S100A13,False
874,S100A14,False
875,S100A16,False
876,S100A2,False
877,S100A3,False
878,S100A4,True
879,S100A5,False
880,S100A6,False
881,S100A7,True
882,S100A7A,False
883,S100A8,True
884,S100A9,False
885,SLC27A3,False
886,SLC39A1,False
887,SNAPIN,False
888,ALDH1A1,True
889,ANXA1,False
890,C8orf74,False
891,MTMR9,False
892,PINX1,False
893,PRSS55,False
894,RP1L1,False
895,SLC35G5,False
896,SOX7,False
897,UNC5D,False
898,XKR6,False
899,ACY3,False
900,AIP,False
901,ALDH3B1,False
902,ALDH3B2,False
903,ANKRD13D,False
904,C11orf24,False
905,C11orf72,False
906,CABP2,False
907,CABP4,False
908,CARNS1,False
909,CDK2AP2,False
910,CHKA,False
911,CLCF1,False
912,CORO1B,False
913,DOC2GP,False
914,FAM86C2P,False
915,GPR152,False
916,GRK2,False
917,GSTP1,False
918,KDM2A,True
919,KMT5B,False
920,LRP5,False
921,NDUFS8,False
922,NDUFV1,False
923,NUDT8,False
924,PITPNM1,False
925,POLD4,False
926,PPP1CA,False
927,PPP6R3,False
928,PTPRCAP,False
929,RAD9A,False
930,RPS6KB2,False
931,SSH3,False
932,TBC1D10C,False
933,TBX10,False
934,TCIRG1,False
935,TMEM134,False
936,UNC93B1,False
937,GBAT2,False
938,PI4KB,False
939,PSMB4,False
940,PSMD4,False
941,RFX5,False
942,SELENBP1,False
943,ZNF687,False
944,ZNF687-AS1,False
945,VIPR2,False
946,ACTR10,False
947,ARID4A,False
948,ARMH4,False
949,BAZ1A,False
950,BRMS1L,False
951,C14orf39,False
952,CCDC175,False
953,CFL2,False
954,DAAM1,False
955,DACT1,False
956,DHRS7,False
957,EAPP,False
958,EGLN3,False
959,FAM177A1,False
960,FLJ22447,False
961,GPR135,False
962,HIF1A,False
963,HIF1A-AS1,False
964,HIF1A-AS2,False
965,HIF1A-AS3,False
966,IGBP1P1,False
967,INSM2,False
968,JKAMP,False
969,KIAA0586,False
970,L3HYPDH,False
971,LRRC9,False
972,MBIP,False
973,MNAT1,True
974,NFKBIA,False
975,NKX2-1,True
976,NKX2-1-AS1,False
977,NKX2-8,False
978,PAX9,False
979,PCNX4,False
980,PPM1A,False
981,PPP2R3C,False
982,PRKCH,False
983,PRORP,False
984,PSMA3,False
985,PSMA3-AS1,False
986,PSMA6,False
987,PTCSC3,False
988,RALGAPA1,False
989,RTN1,False
990,SALRNA1,False
991,SFTA3,False
992,SIX1,True
993,SIX4,False
994,SIX6,False
995,SLC25A21,False
996,SLC25A21-AS1,False
997,SLC38A6,False
998,SNAPC1,False
999,SNORA101B,False
1000,SNORA89,False
1001,SNX6,False
1002,SPTSSA,False
1003,SRP54,False
1004,SRP54-AS1,False
1005,SYT16,False
1006,TIMM9,False
1007,TMEM30B,False
1008,TOMM20L,False
1009,TRMT5,False
1010,SCAF11,False
1011,SLC38A1,False
1012,SLC38A2,False
1013,LAPTM4B,True
1014,MATN2,False
1015,MTDH,True
1016,SNORD3H,False
1017,TSPYL5,False
1018,ZNNT1,False
1019,BICD1,False
1020,CA10,False
1021,MBTD1,False
1022,NME1,True
1023,NME1-NME2,False
1024,NME2,False
1025,RESF1,False
1026,SPAG9,True
1027,UTP18,False
1028,AARD,False
1029,C8orf37,False
1030,C8orf37-AS1,False
1031,C8orf88,False
1032,CCDC26,False
1033,EIF3H,False
1034,EXT1,True
1035,FABP12,False
1036,FABP4,False
1037,FABP5,False
1038,FABP9,False
1039,FLJ46284,False
1040,GSDMC,False
1041,LRRC69,False
1042,MED30,False
1043,NECAB1,False
1044,OTUD6B,False
1045,OTUD6B-AS1,False
1046,PAG1,False
1047,PIP4P2,False
1048,PLEKHF2,False
1049,PMP2,False
1050,RAD21,True
1051,RAD21-AS1,False
1052,RALYL,False
1053,RUNX1T1,True
1054,SLC26A7,False
1055,SLC30A8,False
1056,SLCO5A1,False
1057,SNORD168,False
1058,SULF1,False
1059,TMEM64,False
1060,TP53INP1,False
1061,UTP23,False
1062,EBAG9,False
1063,ENY2,False
1064,KCNV1,False
1065,NUDCD1,False
1066,PKHD1L1,False
1067,SYBU,False
1068,TRHR,False
1069,ADK,False
1070,AGAP5,False
1071,ANXA11,False
1072,AP3M1,False
1073,ARL3,False
1074,BEND3P3,False
1075,BMS1P21,False
1076,BMS1P4,False
1077,BMS1P4-AGAP5,False
1078,C10orf55,False
1079,CAMK2G,False
1080,CFAP43,False
1081,CHCHD1,False
1082,COL17A1,False
1083,COMTD1,False
1084,DLG5,False
1085,DLG5-AS1,False
1086,DUPD1,False
1087,DUSP13,False
1088,DYDC1,False
1089,DYDC2,False
1090,EIF5AL1,False
1091,FUT11,False
1092,GLUD1P3,False
1093,GSTO1,False
1094,GSTO2,False
1095,KAT6B,True
1096,KCNMA1,False
1097,KCNMA1-AS1,False
1098,KCNMA1-AS2,False
1099,KCNMA1-AS3,False
1100,LRMDA,False
1101,MAT1A,False
1102,MBL1P,False
1103,MYOZ1,False
1104,NDST2,False
1105,NEURL1-AS1,False
1106,NUTM2B,False
1107,NUTM2B-AS1,False
1108,NUTM2E,False
1109,PLAC9,False
1110,PLAU,False
1111,POLR3A,False
1112,PPIF,False
1113,RPS24,False
1114,SAMD8,False
1115,SEC24C,False
1116,SFR1,False
1117,SFTPA1,False
1118,SFTPA2,False
1119,SFTPD,False
1120,SFXN2,False
1121,SH3PXD2A,False
1122,SH3PXD2A-AS1,False
1123,SLK,False
1124,SNORD172,False
1125,STN1,False
1126,SYNPO2L,False
1127,TMEM254,False
1128,TMEM254-AS1,False
1129,TRIM8,True
1130,USP54,False
1131,VCL,False
1132,VDAC2,False
1133,WBP1L,False
1134,ZCCHC24,False
1135,ZMIZ1,False
1136,ZMIZ1-AS1,False
1137,ZNF503,False
1138,ZNF503-AS1,False
1139,ZNF503-AS2,False
1140,ZSWIM8,False
1141,ZSWIM8-AS1,False
1142,AKTIP,True
1143,RBL2,False
1144,CHRNA4,False
1145,EEF1A2,True
1146,KCNQ2,False
1147,ANGPTL5,False
1148,ARHGAP42,False
1149,BIRC2,True
1150,BIRC3,True
1151,CEP126,False
1152,CFAP300,False
1153,DCUN1D5,False
1154,DHCR7,False
1155,DYNC2H1,False
1156,FAM53A,False
1157,FAT3,False
1158,FGFR3,True
1159,FLJ42102,False
1160,KRTAP5-10,False
1161,KRTAP5-11,False
1162,KRTAP5-7,False
1163,KRTAP5-8,False
1164,KRTAP5-9,False
1165,MMP1,False
1166,MMP10,False
1167,MMP12,True
1168,MMP13,False
1169,MMP20,False
1170,MMP27,False
1171,MMP3,False
1172,MMP7,False
1173,MMP8,False
1174,NADSYN1,False
1175,NELFA,False
1176,PGR,False
1177,PGR-AS1,False
1178,SLBP,False
1179,SNORD13I,False
1180,TACC3,False
1181,TMEM123,False
1182,TMEM129,False
1183,TRPC6,False
1184,WTAPP1,False
1185,YAP1,True
1186,AGPAT4,False
1187,AGPAT4-IT1,False
1188,TPPP,False
1189,C19orf12,False
1190,CCNE1,True
1191,PLEKHF1,False
1192,POP4,False
1193,URI1,True
1194,VSTM2B,False
1195,RBM39,False
1196,ASIP,False
1197,EIF2S2,False
1198,NCOA6,False
1199,PIGU,True
1200,RALY,False
1201,RALY-AS1,False
1202,TP53INP2,False
1203,ASB2,False
1204,CCDC197,False
1205,DDX24,False
1206,FAM181A,False
1207,FAM181A-AS1,False
1208,IFI27,False
1209,IFI27L1,False
1210,IFI27L2,False
1211,OTUB2,False
1212,PPP4R4,False
1213,SERPINA1,False
1214,SERPINA10,False
1215,SERPINA11,False
1216,SERPINA12,False
1217,SERPINA13P,False
1218,SERPINA2,False
1219,SERPINA3,False
1220,SERPINA4,False
1221,SERPINA5,False
1222,SERPINA6,False
1223,SERPINA9,False
1224,ACBD4,False
1225,ADAM11,False
1226,C1QL1,False
1227,CCDC103,False
1228,CCDC43,False
1229,DBF4B,False
1230,DCAKD,False
1231,EFTUD2,False
1232,FAM187A,False
1233,FZD2,True
1234,GFAP,False
1235,GJC1,False
1236,HIGD1B,False
1237,KIF18B,False
1238,MEIOC,False
1239,NMT1,False
1240,PLCD3,False
1241,GPR182,False
1242,LRIG3,True
1243,LRP1,False
1244,LRP1-AS,False
1245,MYO1A,False
1246,NAB2,False
1247,NEMP1,False
1248,RDH16,False
1249,SDR9C7,False
1250,SLC16A7,False
1251,STAT6,False
1252,TAC3,False
1253,ZBTB39,False
1254,DPT,False
1255,AZIN1,False
1256,AZIN1-AS1,False
1257,GASAL1,False
1258,GRHL2,False
1259,HDDC2,False
1260,NCALD,False
1261,ODF1,False
1262,RNF217,False
1263,RNF217-AS1,True
1264,RRM2B,False
1265,TPD52L1,False
1266,UBR5-AS1,False
1267,ZNF706,False
1268,AK5,False
1269,FGGY,False
1270,HSD52,False
1271,JUN,True
1272,MYSM1,False
1273,OMA1,False
1274,PIGK,False
1275,TACSTD2,True
1276,ZZZ3,False
1277,BRD9,False
1278,CEP72,False
1279,CLPTM1L,False
1280,CTD-2194D22,False
1281,4,False
1282,CTD-3080P12,False
1283,3,False
1284,EXOC3,False
1285,EXOC3-AS1,False
1286,IRX4,False
1287,LPCAT1,False
1288,MRPL36,False
1289,NDUFS6,False
1290,NKD2,False
1291,PP7080,False
1292,SDHAP3,False
1293,SLC12A7,False
1294,SLC6A18,False
1295,SLC6A19,False
1296,SLC6A3,False
1297,SLC9A3,False
1298,SLC9A3-AS1,False
1299,TERT,True
1300,TRIP13,False
1301,ZDHHC11,False
1302,FRMD6,False
1303,PPP2R3B,False
1304,SHOX,False
1305,KCNJ12,False
1306,SNORD137,False
1307,BIVM,False
1308,CCDC168,False
1309,METTL21C,False
1310,POGLUT2,False
1311,TEX30,False
1312,TPP2,False
1313,ASXL1,True
1314,NOL4L,False
1315,NOL4L-DT,False
1316,ABRA,False
1317,COX6C,True
1318,DPYS,False
1319,ERICH5,False
1320,KCNS2,False
1321,LRP12,False
1322,NIPAL2,False
1323,OSR2,False
1324,OXR1,False
1325,POP1,False
1326,RIDA,False
1327,RPL30,False
1328,SNORA72,False
1329,SNORD77B,False
1330,STK3,False
1331,VPS13B,False
1332,ZFPM2,False
1333,ZFPM2-AS1,False
1334,ABHD16B,False
1335,ARFRP1,False
1336,ASAP1-IT1,False
1337,ASAP1-IT2,False
1338,ATP5F1E,False
1339,B4GALT5,False
1340,C20orf204,False
1341,C8orf87,False
1342,CHMP4C,False
1343,CTSZ,True
1344,DNAJC5,False
1345,EDN3,False
1346,FAM49B,False
1347,GNAS,True
1348,GNAS-AS1,False
1349,IMPA1,False
1350,IMPA1P1,False
1351,KCNB1,False
1352,LIME1,False
1353,NELFCD,False
1354,PRELID3B,False
1355,PRPF6,False
1356,PTGIS,False
1357,RTEL1,False
1358,RTEL1-TNFRSF6B,False
1359,SAMD10,False
1360,SLC10A5,False
1361,SLC2A4RG,False
1362,SLCO4A1-AS1,False
1363,SLMO2-ATP5E,False
1364,SNX16,False
1365,STMN3,False
1366,TNFRSF6B,False
1367,TPD52L2,False
1368,TRIQK,False
1369,TUBB1,False
1370,UCKL1,False
1371,UCKL1-AS1,False
1372,ZBTB46,False
1373,ZBTB46-AS1,False
1374,ZFAND1,False
1375,ZGPAT,False
1376,ZNF512B,False
1377,ZNF831,False
1378,ATL3,False
1379,BAD,False
1380,C11orf95,False
1381,COX8A,False
1382,DNAJC4,False
1383,FERMT3,False
1384,FKBP2,False
1385,FLRT1,False
1386,GPR137,False
1387,KCNK4,False
1388,KCNK4-TEX40,False
1389,LGALS12,False
1390,MACROD1,True
1391,MARK2,False
1392,NAA40,False
1393,NUDT22,False
1394,OTUB1,False
1395,PLAAT2,False
1396,PLAAT3,False
1397,PLAAT4,False
1398,PLAAT5,False
1399,PLCB3,False
1400,PPP1R14B,False
1401,PPP1R14B-AS1,False
1402,RCOR2,False
1403,RTN3,False
1404,SLC22A9,False
1405,SPINDOC,False
1406,STIP1,False
1407,TRPT1,False
1408,VEGFB,False
1409,ALPK2,False
1410,BCL2,True
1411,CCBE1,False
1412,CDH20,False
1413,CPLX4,False
1414,GRP,False
1415,KDSR,False
1416,LMAN1,False
1417,MALT1,True
1418,MC4R,False
1419,OACYLP,False
1420,PHLPP1,False
1421,PIGN,False
1422,PMAIP1,False
1423,RAX,False
1424,RELCH,False
1425,RNF152,False
1426,SEC11C,False
1427,SERPINB11,False
1428,SERPINB12,False
1429,SERPINB13,False
1430,SERPINB3,False
1431,SERPINB4,False
1432,SERPINB5,False
1433,SERPINB7,False
1434,SNORA108,False
1435,TNFRSF11A,False
1436,VPS4B,False
1437,ZCCHC2,False
1438,ZNF532,False
1439,CAPZA3,False
1440,PLCZ1,False
1441,PLEKHA5,False
1442,UQCRFS1,False
1443,ZNF536,False
1444,ABHD1,False
1445,AGBL5,False
1446,AGBL5-AS1,False
1447,ATRAID,False
1448,CAD,True
1449,CGREF1,False
1450,DNAJC5G,False
1451,EIF2B4,False
1452,EMILIN1,False
1453,FTH1P3,False
1454,GTF3C2,False
1455,GTF3C2-AS1,False
1456,KHK,False
1457,MAPRE3-AS1,False
1458,MPV17,False
1459,OST4,False
1460,PREB,False
1461,PRR30,False
1462,SLC30A3,False
1463,SLC5A6,False
1464,SNX17,False
1465,TCF23,False
1466,TMEM214,False
1467,TRIM54,False
1468,UCN,False
1469,ZNF513,False
1470,B3GNT2,False
1471,LEKR1,False
1472,PA2G4P4,False
1473,TIPARP-AS1,False
1474,ANGPT1,False
1475,AP3S1,False
1476,ATG12,False
1477,BTNL3,False
1478,BTNL8,False
1479,BTNL9,False
1480,C5orf38,False
1481,CDO1,False
1482,CNOT6,False
1483,EIF3E,True
1484,EMC2,False
1485,FEM1C,False
1486,FGFR4,True
1487,FLT4,False
1488,GFPT2,False
1489,HEIH,False
1490,HK3,False
1491,IRX2,False
1492,LSINCT5,False
1493,MAPK9,False
1494,MGAT1,False
1495,NSD1,True
1496,OR2V1,False
1497,OR2V2,False
1498,OR2Y1,False
1499,RASGEF1C,False
1500,RNF130,False
1501,RSPO2,False
1502,SCGB3A1,False
1503,SNORD95,False
1504,SNORD96A,False
1505,TICAM2,False
1506,TMED7,False
1507,TMED7-TICAM2,False
1508,TRIM41,False
1509,TRIM7,False
1510,UIMC1,False
1511,UNC5A,False
1512,ZFP62,False
1513,ZNF346,False
1514,ENDOD1,False
1515,SESN3,False
1516,C20orf197,False
1517,CDH26,False
1518,CDH4,False
1519,FAM217B,False
1520,PHACTR3,False
1521,PHACTR3-AS1,False
1522,PPP1R3D,False
1523,SYCP2,False
1524,ARAF,True
1525,CDK16,False
1526,CFP,False
1527,CXXC1P1,False
1528,ELK1,True
1529,INE1,False
1530,NDUFB11,False
1531,RBM10,False
1532,RGN,False
1533,SNORA11C,False
1534,SYN1,False
1535,TIMP1,False
1536,UBA1,False
1537,USP11,False
1538,UXT,False
1539,UXT-AS1,False
1540,ZNF157,False
1541,ZNF41,False
1542,ASPHD2,False
1543,CRYBA4,False
1544,CRYBB1,False
1545,HPS4,False
1546,MIAT,False
1547,MIATNB,False
1548,SEZ6L,False
1549,SRRD,False
1550,TFIP11,False
1551,TPST2,False
1552,PPY2P,False
1553,PYY2,False
1554,ABHD15,False
1555,ANKRD13B,False
1556,BLMH,False
1557,CORO6,False
1558,CPD,False
1559,EFCAB5,False
1560,GIT1,False
1561,GOSR1,False
1562,NSRP1,False
1563,SLC6A4,False
1564,SSH2,False
1565,TMIGD1,False
1566,TP53I13,False
1567,SCARNA16,False
1568,SEC14L1,False
1569,SEPTIN9,True
1570,SEPTIN9-DT,False
1571,SNHG20,False
1572,CITED4,False
1573,CTPS1,False
1574,SLFNL1,False
1575,SLFNL1-AS1,False
1576,AGRN,True
1577,ANKLE2,False
1578,B3GALT6,False
1579,C1QTNF12,False
1580,C1orf159,False
1581,CHFR,False
1582,DDX51,False
1583,EP400P1,False
1584,FBRSL1,False
1585,GALNT9,False
1586,GOLGA3,False
1587,HES4,False
1588,ISG15,False
1589,KLHL17,False
1590,LRCOL1,False
1591,NOC2L,False
1592,NOC4L,False
1593,P2RX2,False
1594,PERM1,False
1595,PGAM5,False
1596,PLEKHN1,False
1597,POLE,False
1598,PXMP2,False
1599,RNF223,False
1600,SAMD11,False
1601,SDF4,False
1602,SNORA49,False
1603,TNFRSF18,False
1604,TNFRSF4,False
1605,TTLL10,False
1606,ZNF26,False
1607,ZNF605,False
1608,MAGEH1,False
1609,PAGE3,False
1610,USP51,False
1611,ANKUB1,False
1612,COMMD2,False
1613,CP,False
1614,EIF2A,False
1615,GYG1,False
1616,HLTF,False
1617,HLTF-AS1,False
1618,HPS3,False
1619,PFN2,False
1620,RNF13,False
1621,SELENOT,False
1622,SERP1,False
1623,TM4SF1,False
1624,TM4SF1-AS1,False
1625,TM4SF18,False
1626,TM4SF4,False
1627,TMEM183B,False
1628,TSC22D2,False
1629,WWTR1,True
1630,WWTR1-AS1,False
1631,EGFR,True
1632,EGFR-AS1,False
1633,SEC61G,False
1634,VSTM2A,False
1635,VSTM2A-OT1,False
1636,COPS5,True
1637,CSPP1,False
1638,MCMDC2,False
1639,PPP1R42,False
1640,SNHG6,False
1641,SNORD87,False
1642,TCF24,False
1643,CRISPLD1,False
1644,KHDRBS3,False
1645,NCRNA00250,False
1646,PI15,False
1647,ST3GAL1,False
1648,ZFAT,False
1649,ZFAT-AS1,False
1650,ABTB2,False
1651,APIP,False
1652,C11orf74,False
1653,CAT,False
1654,CD44,False
1655,COMMD9,False
1656,EHF,False
1657,ELF5,False
1658,FJX1,False
1659,LDLRAD3,False
1660,PAMR1,False
1661,PDHX,False
1662,PRR5L,False
1663,RAG1,False
1664,RAG2,False
1665,SLC1A2,False
1666,SNORD164,False
1667,TRAF6,True
1668,TRIM44,False
1669,ASZ1,False
1670,CAPZA2,False
1671,CAV1,True
1672,CAV2,False
1673,CFTR,False
1674,CFTR-AS1,False
1675,MET,True
1676,ST7,False
1677,ST7-AS1,False
1678,ST7-AS2,False
1679,ST7-OT3,False
1680,ST7-OT4,False
1681,WNT2,True
1682,ASB4,False
1683,ASNS,False
1684,BAIAP2L1,True
1685,BHLHA15,False
1686,BRI3,False
1687,CCZ1P-OR7E38P,False
1688,CZ1P-ASNS,False
1689,DLX5,True
1690,DLX6,False
1691,DLX6-AS1,False
1692,DYNC1I1,False
1693,LMTK2,False
1694,NPTX2,False
1695,OCM2,False
1696,PDK4,False
1697,PON1,False
1698,PON2,False
1699,PON3,False
1700,PPP1R9A,False
1701,SCARNA28,False
1702,SDHAF3,False
1703,SEM1,False
1704,SLC25A13,False
1705,SMURF1,True
1706,TAC1,True
1707,TECPR1,False
1708,TMEM130,False
1709,TRRAP,True
1710,BCAP29,False
1711,CBLL1,True
1712,CCDC71L,False
1713,COG5,False
1714,DUS4L,False
1715,DUS4L-BCAP29,False
1716,GPR22,False
1717,HBP1,False
1718,PIK3CG,False
1719,PRKAR2B,False
1720,SLC26A4,False
1721,SLC26A4-AS1,False
1722,HLA-C,False
1723,BCAR4,True
1724,CIITA,True
1725,CLEC16A,False
1726,CPPED1,False
1727,DEXI,False
1728,EMP2,False
1729,GSPT1,False
1730,ID4,False
1731,LITAF,False
1732,MBOAT1,False
1733,NPIPB2,False
1734,NUBP1,False
1735,PRM1,False
1736,PRM2,False
1737,PRM3,False
1738,RMI2,True
1739,RSL1D1,False
1740,SHISA9,False
1741,SNN,False
1742,SNX29,True
1743,SOCS1,True
1744,TEKT5,False
1745,TNFRSF17,True
1746,TNP2,False
1747,TVP23A,False
1748,TXNDC11,False
1749,ZC3H7A,False
1750,HSBP1,False
1751,MLYCD,False
1752,NECAB2,False
1753,OSGIN1,False
1754,SLC38A8,False
1755,ADAMTSL4,False
1756,ADAMTSL4-AS1,False
1757,ANP32E,False
1758,ANXA9,False
1759,APH1A,False
1760,ARHGEF11,False
1761,ARMC3,False
1762,ARNT,True
1763,BMI1,True
1764,BNIPL,False
1765,C10orf67,False
1766,C1orf54,False
1767,C1orf56,False
1768,C2CD4D,False
1769,C2CD4D-AS1,False
1770,CA14,False
1771,CD1A,False
1772,CD1C,False
1773,CD1D,False
1774,CD5L,False
1775,CDC42SE1,False
1776,CELF3,False
1777,CERS2,False
1778,CGN,False
1779,CIART,False
1780,COMMD3,False
1781,COMMD3-BMI1,False
1782,CRABP2,False
1783,CTSK,False
1784,CTSS,False
1785,CTXND2,False
1786,CYCSP52,False
1787,ECM1,False
1788,ENSA,False
1789,ETV3,True
1790,ETV3L,False
1791,FALEC,False
1792,FCRL1,False
1793,FCRL2,False
1794,FCRL3,False
1795,FCRL4,False
1796,FCRL5,False
1797,FLG,False
1798,FLG-AS1,False
1799,FLG2,False
1800,GABPB2,False
1801,GOLPH3L,False
1802,HDGF,False
1803,HORMAD1,False
1804,HRNR,False
1805,INSRR,False
1806,ISG20L2,False
1807,KIAA1217,False
1808,KIRREL1,False
1809,KIRREL1-IT1,False
1810,LINGO4,False
1811,LRRC71,False
1812,LYSMD1,False
1813,MCL1,True
1814,MINDY1,False
1815,MLLT11,True
1816,MRPL24,False
1817,MRPL9,False
1818,MRPS21,False
1819,MSRB2,False
1820,NBPF18P,False
1821,NEBL,False
1822,NEBL-AS1,False
1823,NES,False
1824,NTRK1,True
1825,OAZ3,False
1826,OTUD1,False
1827,PEAR1,False
1828,PIP4K2A,False
1829,PIP5K1A,False
1830,PLEKHO1,False
1831,POGZ,False
1832,PRCC,True
1833,PRPF3,False
1834,PRUNE1,False
1835,PTF1A,False
1836,RIIAD1,False
1837,RORC,False
1838,RPRD2,False
1839,RPTN,False
1840,RRNAD1,False
1841,S100A10,False
1842,S100A11,False
1843,SCNM1,False
1844,SEMA6C,False
1845,SETDB1,True
1846,SH2D2A,False
1847,SNORD13C,False
1848,SNX27,False
1849,SPAG6,False
1850,TARS2,False
1851,TCHH,False
1852,TCHHL1,False
1853,TDRKH,False
1854,TDRKH-AS1,False
1855,THEM4,False
1856,THEM5,False
1857,TMOD4,False
1858,TNFAIP8L2,False
1859,TNFAIP8L2-SCNM1,False
1860,TUFT1,False
1861,VPS72,False
1862,CTNNB1,True
1863,FGFR2,True
1864,PLPP4,False
1865,RPL21,False
1866,WDR11,False
1867,WDR11-AS1,False
1868,ABCC9,False
1869,C12orf77,False
1870,C2CD5,False
1871,CMAS,False
1872,ETNK1,False
1873,LRMP,False
1874,SOX5,False
1875,ST8SIA1,False
1876,BCAT1,False
1877,BHLHE41,False
1878,SSPN,False
1879,POM121L12,False
1880,MFSD6,False
1881,NAB1,False
1882,NEMP2,False
1883,PCMTD1,False
1884,PXDNL,False
1885,C11orf80,False
1886,C11orf86,False
1887,LRFN4,False
1888,PC,False
1889,RCE1,False
1890,RHOD,False
1891,SPTBN2,False
1892,SYT12,False
1893,DGAT2,False
1894,SHANK2,False
1895,SHANK2-AS1,False
1896,UVRAG,False
1897,UVRAG-DT,False
1898,DHRS13,False
1899,ERAL1,False
1900,FAM222B,False
1901,FLOT2,False
1902,FOXN1,False
1903,IFT20,False
1904,KIAA0100,False
1905,KRT18P55,False
1906,LYRM9,False
1907,MYO18A,False
1908,NEK8,False
1909,NLK,False
1910,NOS2,False
1911,PHF12,False
1912,PIPOX,False
1913,POLDIP2,False
1914,PRIM2,False
1915,PROCA1,False
1916,RAB34,False
1917,RPL23A,False
1918,SDF2,False
1919,SEZ6,False
1920,SNORD42A,False
1921,SNORD42B,False
1922,SNORD4A,False
1923,SNORD4B,False
1924,SUPT6H,False
1925,TIAF1,False
1926,TLCD1,False
1927,TMEM199,False
1928,TMEM97,False
1929,TNFAIP1,False
1930,TRAF4,False
1931,UNC119,False
1932,CCT6A,False
1933,COBL,False
1934,DDC,False
1935,DDC-AS1,False
1936,ELDR,False
1937,FIGNL1,False
1938,FKBP9P1,False
1939,GRB10,False
1940,IKZF1,True
1941,LANCL2,False
1942,MRPS17,False
1943,NIPSNAP2,False
1944,PSPH,False
1945,SEPTIN14,False
1946,SPATA48,False
1947,VOPP1,False
1948,ZNF713,False
1949,ZPBP,False
1950,KLF5,True
1951,ERMP1,False
1952,GLDC,False
1953,IL33,False
1954,KDM4C,True
1955,KIAA2026,False
1956,MLANA,True
1957,RANBP6,False
1958,TPD52L3,False
1959,UHRF2,False
1960,ABCB9,False
1961,ANAPC5,False
1962,B3GNT4,False
1963,BCL7A,True
1964,C12orf43,False
1965,C12orf49,False
1966,CAMKK2,False
1967,CCDC62,False
1968,CLIP1,False
1969,CLIP1-AS1,False
1970,DENR,False
1971,DIABLO,False
1972,FBXO21,False
1973,FBXW8,False
1974,HCAR1,False
1975,HCAR2,False
1976,HCAR3,False
1977,HIP1R,False
1978,HNF1A,False
1979,HNF1A-AS1,False
1980,HPD,False
1981,HRK,False
1982,IL31,False
1983,KDM2B,False
1984,KNTC1,False
1985,KSR2,True
1986,LRRC43,False
1987,MAP1LC3B2,False
1988,MED13L,False
1989,MLXIP,False
1990,MORN3,False
1991,NOS1,False
1992,OASL,False
1993,ORAI1,False
1994,P2RX4,False
1995,P2RX7,False
1996,PEBP1,False
1997,PSMD9,False
1998,RFC5,False
1999,RHOF,False
2000,RNF34,False
2001,RNFT2,False
2002,RSRC2,False
2003,SETD1B,False
2004,SPPL3,False
2005,TESC,False
2006,TESC-AS1,False
2007,TMEM120B,False
2008,VPS33A,False
2009,VPS37B,False
2010,VSIG10,False
2011,WDR66,False
2012,WSB2,False
2013,XLOC_009911,False
2014,ZCCHC8,False
2015,ACE,False
2016,ARFGEF2,False
2017,BRIP1,True
2018,C17orf82,False
2019,CCDC47,False
2020,CD79B,True
2021,CSH1,False
2022,CSH2,False
2023,CSHL1,False
2024,CYB561,False
2025,DCAF7,False
2026,DDX42,False
2027,ERN1,False
2028,FTSJ3,False
2029,GH1,False
2030,GH2,False
2031,ICAM2,False
2032,INTS2,True
2033,KCNH6,False
2034,LIMD2,False
2035,MAP3K3,False
2036,NACA2,False
2037,NCOA3,True
2038,PREX1,False
2039,PRR29,False
2040,PRR29-AS1,False
2041,PSMC5,False
2042,SCN4A,False
2043,SMARCD2,False
2044,SNHG25,False
2045,SNORA50C,False
2046,SNORD104,False
2047,STRADA,False
2048,TACO1,False
2049,TANC2,False
2050,TBX2,True
2051,TBX2-AS1,False
2052,TBX4,False
2053,TCAM1P,False
2054,TEX2,False
2055,ZMYND8,False
2056,PLCG1,False
2057,PLCG1-AS1,False
2058,DSCR4,False
2059,DSCR8,False
2060,AAMDC,False
2061,ACER3,False
2062,ALG8,False
2063,AQP11,False
2064,B3GNT6,False
2065,C2CD3,False
2066,CAPN5,False
2067,CLNS1A,False
2068,COA4,False
2069,DNAJB13,False
2070,EMSY,True
2071,GDPD4,False
2072,GUCY2EP,False
2073,GVQW3,False
2074,INTS4,True
2075,KCTD14,False
2076,KCTD21-AS1,False
2077,LRRC32,False
2078,MRPL48,False
2079,MYO7A,False
2080,NDUFC2,False
2081,NDUFC2-KCTD14,False
2082,OMP,False
2083,PAAF1,False
2084,PAK1,True
2085,PPME1,False
2086,RAB6A,False
2087,RSF1,True
2088,THAP12,False
2089,THRSP,False
2090,TSKU,False
2091,UCP2,False
2092,UCP3,False
2093,WNT11,False
2094,METRNL,False
2095,GAB2,True
2096,KCTD21,False
2097,NARS2,False
2098,TENM4,False
2099,USP35,False
2100,MUC4,True
2101,SDHAP1,False
2102,TNK2,False
2103,TNK2-AS1,False
2104,ATP6AP1,False
2105,BRCC3,False
2106,CH17-340M24,False
2107,CLIC2,False
2108,CMC4,False
2109,CTAG1A,False
2110,CTAG1B,False
2111,CTAG2,False
2112,DKC1,False
2113,DNASE1L1,False
2114,EMD,False
2115,F8,False
2116,F8A1,False
2117,F8A2,False
2118,F8A3,False
2119,FAM223A,False
2120,FAM223B,False
2121,FAM3A,False
2122,FAM50A,False
2123,FLNA,False
2124,FUNDC2,False
2125,G6PD,False
2126,GAB3,False
2127,GDI1,False
2128,H2AB1,False
2129,H2AB2,False
2130,H2AB3,False
2131,IKBKG,False
2132,LAGE3,False
2133,MECP2,False
2134,MPP1,False
2135,MTCP1,True
2136,OPN1LW,False
2137,OPN1MW,False
2138,OPN1MW2,False
2139,OPN1MW3,False
2140,PLXNA3,False
2141,RAB39B,False
2142,RPL10,True
2143,SLC10A3,False
2144,SMIM9,False
2145,SNORA36A,False
2146,SNORA56,False
2147,SNORA70,False
2148,TAZ,True
2149,TEX28,False
2150,TKTL1,True
2151,TMLHE-AS1,False
2152,UBL4A,False
2153,VBP1,False
2154,CLDN11,False
2155,SLC7A14,False
2156,SLC7A14-AS1,False
2157,TBL1XR1,True
2158,ARCN1,False
2159,IFT46,False
2160,PHLDB1,False
2161,TMEM25,False
2162,TREH,True
2163,TTC36,False
2164,LAPTM5,False
2165,MATN1,False
2166,MATN1-AS1,False
2167,NKAIN1,False
2168,SDC3,False
2169,SNORD103A,False
2170,SNORD103B,False
2171,SNORD103C,False
2172,SNRNP40,False
2173,ZCCHC17,False
2174,ANAPC7,False
2175,ARPC3,False
2176,ATP2A2,False
2177,FAM216A,False
2178,GPN3,False
2179,PPTC7,False
2180,RAD9B,False
2181,VPS29,False
2182,CASC3,False
2183,MSL1,False
2184,NR1D1,False
2185,SLC19A1,False
2186,FXYD3,False
2187,GRAMD1A,False
2188,HPN,False
2189,HPN-AS1,False
2190,SCN1B,False
2191,ZNF30,False
2192,ZNF30-AS1,False
2193,ZNF792,False
2194,CDK2,False
2195,DGKA,False
2196,ERBB3,True
2197,ESYT1,False
2198,IKZF4,False
2199,LBH,False
2200,MYL6,False
2201,MYL6B,False
2202,PA2G4,True
2203,PMEL,False
2204,PYM1,False
2205,RAB5B,False
2206,RPL41,False
2207,RPS26,False
2208,SMARCC2,False
2209,SNORA10B,False
2210,SUOX,False
2211,YPEL5,False
2212,ZC3H10,False
2213,ALS2CL,False
2214,FAM240A,False
2215,PRSS46P,False
2216,PRSS50,False
2217,TMIE,False
2218,CLRN1,False
2219,CLRN1-AS1,False
2220,C12orf71,False
2221,CAPRIN2,False
2222,CCDC91,False
2223,DDX11,False
2224,DDX11-AS1,False
2225,ERGIC2,False
2226,FAR2,False
2227,FGFR1OP2,False
2228,INTS13,False
2229,IPO8,False
2230,ITPR2,False
2231,MED21,False
2232,OVCH1,False
2233,OVCH1-AS1,False
2234,OVOS2,False
2235,STK38L,False
2236,TM7SF3,False
2237,TMTC1,False
2238,TSPAN11,False
2239,AASS,False
2240,ANKRD7,False
2241,CPED1,False
2242,CTTNBP2,False
2243,FAM3C,False
2244,FEZF1,True
2245,FEZF1-AS1,False
2246,FOXP2,False
2247,ING3,False
2248,KCND2,False
2249,LSM8,False
2250,PPP1R3A,False
2251,PTPRZ1,False
2252,SNORA25B,False
2253,TES,False
2254,TFEC,False
2255,TSPAN12,False
2256,WNT16,False
2257,BBOX1,False
2258,BBOX1-AS1,False
2259,BDNF,False
2260,BDNF-AS,False
2261,CCDC34,False
2262,CCDC82,False
2263,FIBIN,False
2264,JRKL,False
2265,JRKL-AS1,False
2266,LGR4,False
2267,LGR4-AS1,False
2268,LIN7C,False
2269,MAML2,True
2270,NR2F2,False
2271,NR2F2-AS1,False
2272,ZFP36L1,False
2273,CEBPA,True
2274,CEBPA-DT,False
2275,CEBPG,False
2276,CHST8,False
2277,KCTD15,False
2278,LSM14A,False
2279,PEPD,False
2280,BPIFA1,False
2281,BPIFB1,False
2282,IRF2BP2,False
2283,PP2672,False
2284,DKK4,False
2285,VDAC3,False
2286,NAIF1,False
2287,SLC25A25,False
2288,AKIRIN1,False
2289,C1orf109,False
2290,C1orf122,False
2291,CDCA8,False
2292,DNALI1,False
2293,EPHA10,False
2294,FHL3,False
2295,GJA9,False
2296,GJA9-MYCBP,False
2297,GNL2,False
2298,INPP5B,False
2299,KCNQ4,False
2300,KIAA0754,False
2301,MACF1,False
2302,MANEAL,False
2303,MEAF6,False
2304,MTF1,False
2305,MYCBP,False
2306,NDUFS5,False
2307,POU3F1,False
2308,RHBDL2,False
2309,RRAGC,False
2310,RSPO1,False
2311,SF3A3,False
2312,SNIP1,False
2313,UTP11,False
2314,YRDC,False
2315,ZC3H12A,False
2316,CNTN1,False
2317,MUC19,False
2318,PDZRN4,False
2319,DBX2,False
2320,NELL2,False
2321,RACGAP1P,False
2322,AREG,False
2323,EPGN,False
2324,EREG,False
2325,CHD2,False
2326,FRMD1,False
2327,HGC6,False
2328,KIF25,False
2329,KIF25-AS1,False
2330,GDAP2,False
2331,TENT5C,True
2332,WDR3,False
2333,ZNF100,False
2334,ZNF429,False
2335,ZNF430,False
2336,ZNF431,False
2337,ZNF493,False
2338,ZNF626,False
2339,ZNF66,False
2340,ZNF708,False
2341,ZNF714,False
2342,ZNF738,False
2343,ZNF85,False
2344,AASDH,False
2345,ADGRL3,False
2346,ADGRL3-AS1,False
2347,ARL9,False
2348,CEP135,False
2349,CHIC2,True
2350,CLOCK,False
2351,CRACD,False
2352,EXOC1,False
2353,EXOC1L,False
2354,FIP1L1,True
2355,GSX2,False
2356,HOPX,False
2357,KDR,True
2358,KIT,True
2359,LNX1,False
2360,LNX1-AS1,False
2361,LNX1-AS2,False
2362,NMU,False
2363,PAICS,False
2364,PDCL2,False
2365,PDGFRA,True
2366,PPAT,False
2367,RPL21P44,False
2368,SCFD2,False
2369,SRD5A3,False
2370,SRD5A3-AS1,False
2371,SRP72,False
2372,THEGL,False
2373,TMEM165,False
2374,ARMC4,False
2375,BAMBI,False
2376,C10orf126,False
2377,GOLGA2P6,False
2378,JCAD,False
2379,LYZL1,False
2380,LYZL2,False
2381,MAP3K8,True
2382,MKX,False
2383,MKX-AS1,False
2384,MPP7,False
2385,MTPAP,False
2386,SNORD130,False
2387,SVIL,False
2388,SVIL-AS1,False
2389,WAC,False
2390,WAC-AS1,False
2391,AMIGO2,False
2392,ANP32D,True
2393,ASB8,False
2394,C12orf54,False
2395,CCDC184,False
2396,COL2A1,False
2397,ENDOU,False
2398,H1-7,False
2399,HDAC7,False
2400,OR10AD1,False
2401,PCED1B,False
2402,PCED1B-AS1,False
2403,PFKM,False
2404,RAPGEF3,False
2405,RPAP3,False
2406,SENP1,False
2407,SLC38A4,False
2408,SLC48A1,False
2409,TMEM106C,False
2410,VDR,False
2411,ZNF641,False
2412,AKT3,False
2413,C1orf198,False
2414,CD84,False
2415,COPA,False
2416,DISC1,False
2417,NCSTN,False
2418,SLAMF6,False
2419,SNRPD2P2,False
2420,SUMO1P3,False
2421,ARHGEF2,True
2422,RXFP4,False
2423,SSR2,False
2424,USP46,False
2425,USP46-AS1,False
2426,MSRB3,False
2427,ARHGEF33,False
2428,DHX57,False
2429,GEMIN6,False
2430,MORN2,False
2431,SRSF7,False
2432,AMZ1,False
2433,BRAT1,False
2434,CARD11,True
2435,CHST12,False
2436,EIF3B,False
2437,GNA12,True
2438,GRIFIN,False
2439,IQCE,False
2440,LFNG,False
2441,SDK1,False
2442,SNX8,False
2443,TTYH3,False
2444,EID3,False
2445,TXNRD1,False
2446,ACTBL2,False
2447,ANKRD55,False
2448,ARL15,False
2449,C5orf67,False
2450,CCNO,False
2451,CDC20B,False
2452,DDX4,False
2453,DHX29,False
2454,FLJ31104,False
2455,GPBP1,False
2456,GPX8,False
2457,HSPB3,False
2458,IL31RA,False
2459,IL6ST,True
2460,MAP3K1,False
2461,MCIDAS,False
2462,MIER3,False
2463,MTREX,False
2464,NDUFS4,False
2465,PLPP1,False
2466,RNF138P1,False
2467,SETD9,False
2468,SLC38A9,False
2469,SNX18,False
2470,VAMP7,False
2471,CALHM4,False
2472,CALHM5,False
2473,CALHM6,False
2474,DCBLD1,False
2475,DSE,False
2476,FAM162B,False
2477,GPRC6A,False
2478,KPNA5,False
2479,RFX6,False
2480,RSPH4A,False
2481,RWDD1,False
2482,TPBG,False
2483,TRAPPC3L,False
2484,TSPYL1,False
2485,TSPYL4,False
2486,VGLL2,False
2487,ZUP1,False
2488,ACIN1,False
2489,AJUBA,False
2490,AKAP6,False
2491,AP4S1,False
2492,ARHGAP5,False
2493,ARHGAP5-AS1,False
2494,BCL2L2,False
2495,BCL2L2-PABPN1,False
2496,C14orf119,False
2497,C14orf93,False
2498,CDH24,False
2499,CEBPE,False
2500,CMTM5,False
2501,DTD2,False
2502,EFS,False
2503,GPR33,False
2504,HAUS4,False
2505,HEATR5A,False
2506,HECTD1,False
2507,HOMEZ,False
2508,IL25,False
2509,LMLN2,False
2510,LRP10,False
2511,MHRT,False
2512,MMP14,False
2513,MRPL52,False
2514,MYH6,False
2515,MYH7,False
2516,NGDN,False
2517,NPAS3,False
2518,NUBPL,False
2519,PABPN1,False
2520,PPP1R3E,False
2521,PRMT5,True
2522,PRMT5-AS1,False
2523,PSMB11,False
2524,PSMB5,False
2525,RBM23,False
2526,REM2,False
2527,RNF212B,False
2528,SLC22A17,False
2529,SLC7A7,False
2530,SLC7A8,False
2531,STRN3,False
2532,STXBP6,False
2533,THTPA,False
2534,ZFHX2,False
2535,CCDC57,False
2536,KANSL1L,False
2537,KANSL1L-AS1,False
2538,RPE,False
2539,CCSER1,False
2540,PLXND1,False
2541,C5orf34,False
2542,NNT,False
2543,NNT-AS1,False
2544,PAIP1,False
2545,TMEM267,False
2546,C1orf94,False
2547,LDC1P,False
2548,CDC6,True
2549,RAPGEFL1,False
2550,RARA,True
2551,WIPF2,False
2552,CLEC14A,False
2553,FBXO33,False
2554,FOXA1,True
2555,GEMIN2,False
2556,MIA2,False
2557,PNN,False
2558,SEC23A,False
2559,SEC23A-AS1,False
2560,SSTR1,False
2561,TRAPPC6B,False
2562,TTC6,False
2563,ACRBP,False
2564,ACSM4,False
2565,ANO2,False
2566,APOBEC1,False
2567,ATN1,False
2568,C12orf57,False
2569,C1R,False
2570,C1RL,False
2571,C1RL-AS1,False
2572,C1S,False
2573,C3AR1,False
2574,CCDC81,False
2575,CCDC83,False
2576,CCDC89,False
2577,CCND2,True
2578,CCND2-AS1,False
2579,CD163,False
2580,CD163L1,False
2581,CD27,False
2582,CD27-AS1,False
2583,CD4,False
2584,CD9,False
2585,CDCA3,False
2586,CHD4,False
2587,CLEC4A,False
2588,CLEC4C,False
2589,CLEC4D,False
2590,CLEC6A,False
2591,CLSTN3,False
2592,COPS7A,False
2593,CREBZF,False
2594,DPPA3,False
2595,DSTNP2,False
2596,EED,False
2597,EMG1,False
2598,ENO2,False
2599,FAM66C,False
2600,FAM86FP,False
2601,FAM90A1,False
2602,FOXJ2,False
2603,GAPDH,False
2604,GDF3,False
2605,GNB3,False
2606,GPR162,False
2607,HIKESHI,False
2608,IFFO1,False
2609,ING4,False
2610,LAG3,False
2611,LPAR5,False
2612,LPCAT3,False
2613,LRRC23,False
2614,LTBR,False
2615,ME3,False
2616,MLF2,False
2617,MRPL51,False
2618,NANOG,True
2619,NANOGNB,False
2620,NCAPD2,False
2621,NECAP1,False
2622,NOP2,False
2623,OXA1L,False
2624,P3H3,False
2625,PEX5,False
2626,PHB2,False
2627,PIANP,False
2628,PICALM,True
2629,PLEKHG6,False
2630,POU5F1P3,False
2631,PTMS,False
2632,PTPN6,False
2633,RBP5,False
2634,RNU7-1,False
2635,RPL13P5,False
2636,SCARNA10,False
2637,SCARNA11,False
2638,SCARNA12,False
2639,SCNN1A,False
2640,SLC2A14,False
2641,SLC2A3,False
2642,SNORA120,False
2643,SPSB2,False
2644,SYTL2,False
2645,TAPBPL,False
2646,TMEM126A,False
2647,TMEM126B,False
2648,TNFRSF1A,False
2649,TPI1,False
2650,USP5,False
2651,VAMP1,False
2652,VWF,False
2653,ZNF384,True
2654,ZNF705A,False
2655,ARNTL2,False
2656,ARNTL2-AS1,False
2657,ASPH,False
2658,CLVS1,False
2659,GGH,False
2660,GOLT1B,False
2661,GYS2,False
2662,IAPP,False
2663,KLHL42,False
2664,MANSC4,False
2665,MRPS35,False
2666,NKAIN3-IT1,False
2667,PPFIBP1,False
2668,PTHLH,False
2669,PYROXD1,False
2670,RECQL,False
2671,REP15,False
2672,SLCO1A2,False
2673,SLCO1B1,False
2674,SLCO1B7,False
2675,SMCO2,False
2676,SPX,False
2677,TTPA,False
2678,YTHDF3,False
2679,YTHDF3-AS1,False
2680,PCDH19,False
2681,SRPX2,False
2682,TNMD,False
2683,TSPAN6,False
2684,LY6H,False
2685,COCH,False
2686,FOXG1,True
2687,FOXG1-AS1,False
2688,G2E3,False
2689,G2E3-AS1,False
2690,PRKD1,False
2691,SCFD1,False
2692,ARTN,False
2693,ATP6V0B,False
2694,B4GALT2,False
2695,C1orf210,False
2696,CCDC24,False
2697,CDC20,False
2698,CFAP57,False
2699,DMAP1,False
2700,DPH2,False
2701,EBNA1BP2,False
2702,ELOVL1,False
2703,ERI3,False
2704,ERI3-IT1,False
2705,FAM183A,False
2706,HYI,False
2707,IPO13,False
2708,KDM4A,False
2709,KDM4A-AS1,False
2710,KLF17,False
2711,KLF18,False
2712,MED8,False
2713,MPL,True
2714,PTPRF,False
2715,RNF220,False
2716,SLC2A1,False
2717,SLC2A1-AS1,False
2718,SLC6A9,False
2719,SNORA110,False
2720,ST3GAL3,False
2721,SZT2,False
2722,SZT2-AS1,False
2723,TIE1,False
2724,TMEM125,False
2725,CSF3R,True
2726,EVA1B,False
2727,LSM10,False
2728,MRPS15,False
2729,OSCP1,False
2730,SH3D21,False
2731,SNORA63C,False
2732,STK40,False
2733,CNDP2,False
2734,DCSTAMP,False
2735,HPYR1,False
2736,KCNQ3,False
2737,LRRC6,False
2738,PHF20L1,False
2739,PTCSC1,False
2740,SLA,False
2741,TG,False
2742,TMEM71,False
2743,NPFFR2,False
2744,FAM13A,False
2745,FAM13A-AS1,False
2746,HERC3,False
2747,NAP1L5,False
2748,C3orf85,False
2749,GUCA1C,False
2750,MORC1,False
2751,MORC1-AS1,False
2752,NBAS,False
2753,C6orf141,False
2754,CENPQ,False
2755,GLYATL3,False
2756,MMUT,False
2757,LRRTM4-AS1,False
2758,AMN1,False
2759,DENND5B,False
2760,DENND5B-AS1,False
2761,ETFBKMT,False
2762,FGD4,False
2763,FLJ13224,False
2764,H3-5,False
2765,SINHCAF,False
2766,CPQ,False
2767,AP5M1,False
2768,CCDC198,False
2769,EXOC5,False
2770,NAA30,False
2771,OTX2,True
2772,OTX2-AS1,False
2773,PELI2,False
2774,SLC35F4,False
2775,TMEM260,False
2776,DIO2,False
2777,DIO2-AS1,False
2778,MORF4L2,False
2779,MORF4L2-AS1,False
2780,TCEAL1,False
2781,TCEAL3,False
2782,ARHGEF17,False
2783,ATG16L2,False
2784,FCHSD2,False
2785,P2RY2,False
2786,P2RY6,False
2787,RELT,False
2788,STARD10,False
2789,ROBO2,False
2790,EIF1,False
2791,FKBP10,False
2792,GAST,False
2793,HAP1,False
2794,JUP,True
2795,KRT16,False
2796,KRT17,False
2797,KRT42P,False
2798,P3H4,False
2799,ARF3,False
2800,CCDC65,False
2801,CPNE8,False
2802,DDN,False
2803,DDN-AS1,False
2804,DDX23,False
2805,FKBP11,False
2806,PRKAG1,False
2807,RND1,False
2808,WNT1,True
2809,WNT10B,True
2810,BCRP2,False
2811,FAM230B,False
2812,FAM230H,False
2813,GGT2,False
2814,HIC2,False
2815,PI4KAP2,False
2816,POM121L8P,False
2817,RIMBP3B,False
2818,RIMBP3C,False
2819,TMEM191C,False
2820,UBE2L3,False
2821,RNF144B,False
2822,AGL,False
2823,CDC14A,False
2824,DBT,False
2825,DPH5,False
2826,EXTL2,False
2827,FRRS1,False
2828,GPR88,False
2829,LRRC39,False
2830,MFSD14A,False
2831,PALMD,False
2832,RTCA,False
2833,RTCA-AS1,False
2834,S1PR1,False
2835,SASS6,False
2836,SLC30A7,False
2837,SLC35A3,False
2838,TRMT13,False
2839,VCAM1,False
2840,NGF,False
2841,NGF-AS1,False
2842,ANKH,False
2843,CTD-2350J17,False
2844,1,False
2845,FBXL7,False
2846,OTULIN,False
2847,OTULINL,False
2848,SNORD141A,False
2849,SNORD141B,False
2850,SNORD170,False
2851,TRIO,True
2852,ADSS2,False
2853,C1orf100,False
2854,CATSPERE,False
2855,ZBTB18,False
2856,HEG1,False
2857,ITGB5,False
2858,MUC13,False
2859,OSBPL11,False
2860,SLC12A8,False
2861,SNX4,False
2862,UMPS,False
2863,ZNF148,False
2864,ADGRF5,False
2865,ADGRF5-AS1,False
2866,ANKRD66,False
2867,CYP39A1,False
2868,MEP1A,False
2869,PLA2G7,False
2870,SLC25A27,False
2871,TDRD6,False
2872,TMEM229A,False
2873,POU4F1,False
2874,ANXA7,False
2875,CFAP70,False
2876,DNAJC9,False
2877,DNAJC9-AS1,False
2878,ECD,False
2879,FAM149B1,False
2880,MRPS16,False
2881,MSS51,False
2882,NUDT13,False
2883,OIT3,False
2884,P4HA1,False
2885,PLA2G12B,False
2886,SNORA11F,False
2887,ANKRD30A,False
2888,CCNY,False
2889,CREM,False
2890,CUL2,False
2891,MTRNR2L7,False
2892,NRP1,False
2893,PARD3,False
2894,PARD3-AS1,False
2895,ZNF248,False
2896,ZNF33BP1,False
2897,LRRTM3,False
2898,GNS,False
2899,HELB,False
2900,HMGA2,True
2901,HMGA2-AS1,False
2902,IRAK3,False
2903,LEMD3,False
2904,LLPH,False
2905,LLPH-DT,False
2906,RASSF3,False
2907,RPSAP52,False
2908,TBC1D30,False
2909,TMBIM4,False
2910,WIF1,True
2911,DYRK2,False
2912,ACSL5,False
2913,ADO,False
2914,ARID5B,False
2915,CABCOCO1,False
2916,CCDC172,False
2917,CDK1,True
2918,EGR2,False
2919,GFRA1,False
2920,GPAM,False
2921,GTSF1L,False
2922,GUCY2GP,False
2923,IFT52,False
2924,JMJD1C,False
2925,JMJD1C-AS1,False
2926,L3MBTL1,False
2927,MYBL2,False
2928,NRBF2,False
2929,PTPRT,False
2930,REEP3,False
2931,RHOBTB1,False
2932,RTKN2,False
2933,SGK2,False
2934,SNORD158,False
2935,SRSF6,True
2936,TECTB,False
2937,TMEM26,False
2938,TMEM26-AS1,False
2939,TOX2,False
2940,VTI1A,True
2941,ZDHHC6,False
2942,CHD6,False
2943,EMILIN3,False
2944,LPIN3,False
2945,ZHX3,False
2946,TFG,True
2947,DDI2,False
2948,PLEKHM2,False
2949,RSC1A1,False
2950,SLC25A34,False
2951,TMEM82,False
2952,CHCHD5,False
2953,FLJ42351,False
2954,NT5DC4,False
2955,POLR1B,False
2956,SLC20A1,False
2957,TTL,True
2958,PAX8,True
2959,PAX8-AS1,False
2960,PSD4,False
2961,SH3BP2,False
2962,TNIP2,False
2963,AKAP1,False
2964,ANKFN1,False
2965,C17orf67,False
2966,CCDC182,False
2967,COIL,False
2968,DGKE,False
2969,MSI2,True
2970,MTVR2,False
2971,NOG,False
2972,PCTP,False
2973,RNF126P1,False
2974,SCPEP1,False
2975,TMEM100,False
2976,TRIM25,False
2977,BRI3BP,False
2978,DHX37,False
2979,THRIL,False
2980,UBC,False
2981,FOS,True
2982,NEK9,False
2983,TMED10,False
2984,CEP83,False
2985,CEP83-DT,False
2986,CRADD,False
2987,EEA1,False
2988,KRT19P2,False
2989,MRPL42,False
2990,NUDT4,False
2991,PLXNC1,False
2992,SOCS2,False
2993,SOCS2-AS1,False
2994,TMCC3,False
2995,UBE2N,False
2996,ABCA4,False
2997,ARHGAP29,False
2998,BCAR3,False
2999,BCAR3-AS1,False
3000,CCDC18,False
3001,CCDC18-AS1,False
3002,DIPK1A,False
3003,DNTTIP2,False
3004,DR1,False
3005,EVI5,True
3006,FNBP1L,False
3007,GCLM,False
3008,GFI1,True
3009,MIG7,False
3010,MTF2,False
3011,RPL5,True
3012,SNORA66,False
3013,SNORD21,False
3014,TMED5,False
3015,SLC25A17,False
3016,GAP43,False
3017,TRPC7,False
3018,BORCS8,False
3019,BORCS8-MEF2B,False
3020,HAPLN4,False
3021,MEF2B,False
3022,NCAN,False
3023,NR2C2AP,False
3024,RFXANK,False
3025,TM6SF2,False
3026,TMEM161A,False
3027,KLHDC1,False
3028,POLE2,False
3029,ADORA2B,False
3030,ALKBH5,False
3031,ARHGAP44,False
3032,ATPAF2,False
3033,B9D1,False
3034,CCDC144A,False
3035,CCDC144B,False
3036,CDRT1,False
3037,CDRT15,False
3038,CDRT15P1,False
3039,CDRT15P2,False
3040,CDRT3,False
3041,CDRT4,False
3042,CDRT7,False
3043,CDRT8,False
3044,CENPV,False
3045,COPS3,True
3046,COX10,False
3047,COX10-AS1,False
3048,DNAH9,False
3049,DRC3,False
3050,DRG2,False
3051,ELAC2,False
3052,EPN2,False
3053,EPN2-AS1,False
3054,EPN2-IT1,False
3055,EVPLL,False
3056,FAM106A,False
3057,FAM106C,False
3058,FAM83G,False
3059,FBXW10,False
3060,FLCN,False
3061,FLII,False
3062,FOXO3B,False
3063,GID4,False
3064,GRAP,False
3065,GRAPL,False
3066,HS3ST3A1,False
3067,HS3ST3B1,False
3068,KRT16P1,False
3069,KRT16P2,False
3070,KRT17P1,False
3071,KRT17P2,False
3072,KRT17P5,False
3073,LGALS9C,False
3074,LLGL1,False
3075,LRRC75A,False
3076,MAP2K4,True
3077,MED9,False
3078,MEIS3P1,False
3079,MGC12916,False
3080,MIEF2,False
3081,MPRIP,False
3082,MYO15A,False
3083,MYOCD,False
3084,MYOCD-AS1,False
3085,NCOR1,False
3086,NT5M,False
3087,PEMT,False
3088,PIGL,False
3089,PLD6,False
3090,PMP22,False
3091,PRPSAP2,False
3092,RAI1,False
3093,RAI1-AS1,False
3094,RASD1,False
3095,SHMT1,False
3096,SLC5A10,False
3097,SMCR2,False
3098,SMCR5,False
3099,SMCR8,False
3100,SNHG29,False
3101,SNORD163,False
3102,SNORD3A,False
3103,SNORD3B-1,False
3104,SNORD3B-2,False
3105,SNORD3C,False
3106,SNORD3D,False
3107,SNORD49A,False
3108,SNORD49B,False
3109,SNORD65,False
3110,SREBF1,True
3111,TBC1D26,False
3112,TBC1D27P,False
3113,TBC1D28,False
3114,TEKT3,False
3115,TNFRSF13B,False
3116,TOM1L2,False
3117,TOP3A,False
3118,TRIM16,False
3119,TRIM16L,False
3120,TRPV2,False
3121,TTC19,False
3122,TVP23B,False
3123,TVP23C,False
3124,TVP23C-CDRT4,False
3125,UBB,False
3126,USP32P1,False
3127,USP32P2,False
3128,ZNF18,False
3129,ZNF286A,False
3130,ZNF286B,False
3131,ZNF287,False
3132,ZNF624,False
3133,ZSWIM7,False
3134,AHSP,False
3135,ARMC5,False
3136,BCKDK,False
3137,C16orf58,False
3138,COX6A2,False
3139,FRG2KP,False
3140,FUS,True
3141,HSD3B7,False
3142,ITGAD,False
3143,ITGAM,False
3144,ITGAX,False
3145,KAT8,False
3146,PRSS36,False
3147,PRSS53,False
3148,PRSS8,False
3149,PYCARD,False
3150,PYCARD-AS1,False
3151,PYDC1,False
3152,SLC5A2,False
3153,STX1B,False
3154,STX4,False
3155,TGFB1I1,False
3156,TRIM72,False
3157,VKORC1,False
3158,YBX3P1,False
3159,ZNF646,False
3160,ZNF668,False
3161,ZNF843,False
3162,IGFBP7,False
3163,IGFBP7-AS1,False
3164,NOA1,False
3165,POLR2B,False
3166,REST,False
3167,SPINK2,False
3168,TAS2R19,False
3169,CD69,False
3170,CLEC12A,False
3171,CLEC12A-AS1,False
3172,CLEC12B,False
3173,CLEC1B,False
3174,CLEC2A,False
3175,CLEC2B,False
3176,CLEC2D,False
3177,CLEC9A,False
3178,CLECL1,False
3179,KLRB1,False
3180,KLRF1,False
3181,KLRF2,False
3182,DNM1L,False
3183,YARS2,False
3184,C16orf74,False
3185,GINS2,False
3186,GSE1,False
3187,RBM4B,False
3188,CNTN5,False
3189,BAALC-AS1,False
3190,ACOD1,False
3191,AP4B1,False
3192,AP4B1-AS1,False
3193,ARL11,False
3194,ATAD5,False
3195,BCL2L15,False
3196,BTF3P11,False
3197,CAB39L,False
3198,CDADC1,False
3199,CLN5,False
3200,COMMD6,False
3201,COX20,False
3202,CRLF3,False
3203,CTAGE10P,False
3204,CTAGE11P,False
3205,CYSLTR2,False
3206,DCLRE1B,False
3207,DESI2,False
3208,DLEU1,False
3209,DLEU1-AS1,False
3210,DLEU2,False
3211,DLEU7,False
3212,DLEU7-AS1,False
3213,EBPL,False
3214,EDNRB-AS1,False
3215,EFCAB2,False
3216,FBXL3,False
3217,FNDC3A,False
3218,GJD3,False
3219,GUCY1B2,False
3220,HIPK1,False
3221,HIPK1-AS1,False
3222,HNRNPU,False
3223,KCNRG,False
3224,KCTD12,False
3225,KIF26B,False
3226,KIF26B-AS1,False
3227,KPNA3,False
3228,LMO7,False
3229,LMO7-AS1,False
3230,LPAR6,False
3231,MAGI3,False
3232,MLNR,False
3233,OLFML3,False
3234,PCDH9,False
3235,PCDH9-AS2,False
3236,PCDH9-AS3,False
3237,PHF11,False
3238,PTPN22,False
3239,RARA-AS1,False
3240,RCBTB1,False
3241,RCBTB2,False
3242,RNASEH2B,False
3243,RNASEH2B-AS1,False
3244,RSBN1,False
3245,SCEL,False
3246,SCEL-AS1,False
3247,SETDB2,False
3248,SETDB2-PHF11,False
3249,SLAIN1,False
3250,SNORA100,False
3251,SNORA107,False
3252,SPRYD7,False
3253,ST13P4,False
3254,SYT6,False
3255,TBC1D4,False
3256,TRIM13,False
3257,UCHL3,False
3258,ATXN8OS,False
3259,KLHL1,False
3260,NDFIP2,False
3261,NDFIP2-AS1,False
3262,RBM26,False
3263,RBM26-AS1,False
3264,C1orf116,False
3265,C4BPA,False
3266,C4BPB,False
3267,FCAMR,False
3268,FCMR,False
3269,IL24,False
3270,PFKFB2,False
3271,PIGR,False
3272,YOD1,False
3273,CASKIN2,False
3274,LLGL2,False
3275,MYO15B,False
3276,RECQL5,False
3277,SAP30BP,False
3278,SMIM5,False
3279,SMIM6,False
3280,TSEN54,False
3281,ADRM1,False
3282,ARFGAP1,False
3283,BHLHE23,False
3284,BIRC7,False
3285,CABLES2,False
3286,COL20A1,False
3287,COL9A3,False
3288,DIDO1,False
3289,DPH3P1,False
3290,FLJ16779,False
3291,GATA5,False
3292,GID8,False
3293,HAR1A,False
3294,HAR1B,False
3295,HRH3,False
3296,LAMA5,False
3297,LAMA5-AS1,False
3298,LSM14B,False
3299,MRGBP,False
3300,MTG2,False
3301,NKAIN4,False
3302,NTSR1,False
3303,OGFR,False
3304,OGFR-AS1,False
3305,OSBPL2,False
3306,PSMA7,False
3307,RBBP8NL,False
3308,RPS21,False
3309,SLC17A9,False
3310,SLCO4A1,False
3311,SNORA117,False
3312,SS18L1,True
3313,TAF4,False
3314,TCFL5,False
3315,YTHDF1,False
3316,CHRNB3,False
3317,IKBKB,False
3318,POLB,False
3319,SLC20A2,False
3320,SMIM19,False
